pNN50,NN50,PPImed,SDNN,RMSSD,SD1/SD2,LF/HF,VLF,PRV_LF,PRV_HF,SD1,SD2,NumSCR,AmpSCR,mTL,sdAmp,ctl25,ctl50,ctl75,ctl90,EDA_HF
0.207108761,38,0.97358157,0.091848177,0.083551252,2.049207249,0.71107917,-12.09675886,-22.89346554,-31.29765121,0.114404405,0.033905545,6,6780.466582,0.595583866,5713.422089,2052.669704,5176.204856,12410.43505,16422.95341,-30.0626538
0.202210705,50,0.999919618,0.084951501,0.080315527,2.369649464,0.909719657,-11.92204631,-23.52584603,-29.9776225,0.117434469,0.04883618,5,7989.842834,0.410464743,5515.06335,2185.386675,4715.684306,12060.17709,16768.92786,-27.70719537
0.15686835,39,0.985587161,0.085854479,0.059927727,1.734193109,0.906859155,-12.23603069,-23.27117896,-31.2394306,0.107085967,0.055359798,5,6714.95231,0.570121571,5495.773565,2089.933663,5151.358883,12175.15226,16434.11779,-29.47560893
0.149732335,53,1.005404728,0.081071152,0.068580495,2.143002923,0.796986826,-12.24986746,-23.4986782,-29.53482129,0.112025393,0.066545028,7,7892.973895,0.418766779,5892.876019,2122.435866,4984.401197,12441.50662,16588.03014,-31.95904525
0.188833077,57,0.97603985,0.109774347,0.07680451,2.881153301,0.783018056,-12.28986588,-22.42464591,-31.41037887,0.113333529,0.057366859,6,7571.370943,0.692687999,5215.378364,1983.519429,5262.65359,12461.48548,16696.97617,-28.95675865
0.212752542,48,0.97250529,0.0982386,0.087065438,2.290794268,0.912470234,-11.82905771,-24.03056688,-31.26165428,0.111865436,0.060346362,7,7241.636697,0.644884067,5278.232228,1941.615394,5217.078693,12080.68094,16621.42422,-31.7740111
0.204296616,54,0.991732484,0.11104729,0.091394244,1.975980984,0.905129337,-11.74315747,-22.57170336,-27.82016991,0.110450048,0.03142953,9,7933.347178,0.459038372,5311.032281,1973.151665,4793.052107,12264.27461,16718.04289,-28.00391006
0.225884344,38,0.982298554,0.085446595,0.081715657,2.778733886,0.869859537,-12.05227771,-23.53350334,-27.36941473,0.10110231,0.040393183,8,7252.874596,0.513403576,5698.079166,2066.974844,4925.063623,12052.4428,16500.39755,-27.51842733
0.224329544,58,1.009814701,0.087768344,0.05136609,2.264223607,0.719358789,-11.8783253,-24.13935369,-30.66274276,0.115200454,0.047787291,7,6473.264318,0.636691814,5441.563478,2149.32051,4965.746918,12312.30978,16416.18091,-25.72269488
0.160787205,40,1.01473313,0.083697661,0.052233006,3.187066973,0.704835081,-12.09870177,-23.40846015,-27.443906,0.108410221,0.053132811,8,7351.208151,0.656336414,5567.450833,2068.756726,4768.700469,12128.2257,16498.09686,-31.24298154
0.173436821,50,0.986219997,0.10096515,0.080959345,2.342618635,0.806780474,-12.13923659,-22.62153273,-26.57168019,0.104122905,0.045953974,7,6505.92046,0.646009683,5268.078214,2177.653836,5226.473119,12046.94555,16721.08532,-29.74250447
0.146631738,38,1.020292908,0.090201683,0.083387908,1.685815049,0.727577876,-12.08276902,-23.95791337,-31.2675823,0.100126205,0.032243845,5,6705.522398,0.405992654,5463.946316,1817.490507,4965.932713,12219.91055,16686.7863,-31.07085192
0.225241401,37,1.00861063,0.11701675,0.090041062,3.125988796,0.757678343,-12.05116227,-24.37342843,-28.34175543,0.104042859,0.033279339,6,6497.536557,0.633178849,5870.559362,1888.082204,5273.492432,12084.87085,16447.81149,-30.65855635
0.187135235,59,0.992120406,0.107510307,0.086206011,2.625095766,0.8629176,-11.92176785,-22.57735518,-29.91168643,0.1010662,0.032341422,8,7525.072512,0.692142908,5972.011304,1894.646265,4864.530516,12437.69668,16523.45993,-31.31877455
0.218309499,37,0.987071215,0.080339256,0.087717279,2.963842739,0.800559548,-11.8339617,-22.59787789,-27.33042213,0.116194187,0.053943238,9,7971.082365,0.403107466,5002.035099,2069.573842,5154.730401,12288.08437,16673.64323,-26.35497232
0.216674001,59,1.014509276,0.107652912,0.070527835,3.35901141,0.915478634,-11.99673391,-22.65515082,-29.95066014,0.118509353,0.03914921,10,7562.243046,0.422047286,5141.397322,1861.035189,5113.317378,12041.23915,16600.66726,-27.04554413
0.215410506,54,0.981656085,0.08744149,0.05996543,2.233004068,0.742013376,-12.25348917,-23.930081,-27.93956825,0.116669013,0.036627231,7,6007.011627,0.436856283,5594.369518,1954.70299,5090.330366,12212.72614,16622.30068,-26.32425651
0.147328388,50,0.980425523,0.101706576,0.054081074,2.958322583,0.785184127,-12.1186302,-23.51294647,-27.61929872,0.111577485,0.040810792,10,7601.749,0.697576634,5807.862005,1872.38584,5071.273289,12495.04797,16537.66882,-28.58891487
0.161689003,43,0.990524983,0.11048227,0.085582569,3.005005542,0.897469031,-12.02280743,-23.86544946,-28.07716723,0.105476384,0.054011963,7,6601.276838,0.677669957,5351.38201,2161.777851,5057.442608,12077.62686,16625.51609,-29.59935576
0.166827535,40,0.993075118,0.112533301,0.086483939,2.554274728,0.750781432,-12.29452745,-23.54914605,-28.74458006,0.116070133,0.053682556,5,7333.511702,0.644624542,5483.387569,1958.745485,5127.636814,12063.90185,16737.5431,-31.05029181
0.195278698,44,0.986713471,0.072897965,0.086127864,2.735137593,0.75110247,-12.2047243,-23.11829074,-28.95536978,0.115713304,0.0553794,6,6141.809865,0.561216504,5668.550556,2184.598398,4923.33935,12078.61895,16622.23707,-26.65422332
0.146874782,59,0.985506395,0.089856631,0.061740396,2.704710583,0.814478028,-12.2721338,-22.77559445,-26.05401292,0.103156465,0.043203095,7,7875.050076,0.445858537,5966.415356,2140.889719,5028.198543,12419.43616,16610.01544,-26.1716739
0.148802278,42,1.010707691,0.11471787,0.099746409,3.370981177,0.888129729,-12.22476547,-23.72424886,-26.56423128,0.107368501,0.048391826,8,7624.674751,0.469431958,5785.136178,1903.983267,5141.325127,12221.93679,16615.53893,-29.67684867
0.153422736,39,0.987667562,0.116241431,0.046776117,3.04775137,0.825767537,-11.77406166,-24.1488916,-29.39844364,0.100708053,0.069665008,6,6196.713441,0.579257735,5615.819542,1887.683419,4890.942889,12169.81001,16535.67907,-31.44346872
0.161005483,55,1.004165226,0.087358708,0.050200334,2.148405138,0.908438114,-11.92058993,-23.88447602,-26.10798405,0.107579907,0.061695713,6,6549.592856,0.630809932,5796.794846,2080.660888,4997.807172,12117.27034,16448.64627,-31.1252728
0.221758951,41,0.985186133,0.116340652,0.053330965,2.79941196,0.886683205,-12.24341552,-23.65615609,-26.12631598,0.113811485,0.03312673,10,6688.54001,0.523296266,5562.772891,2191.158451,4783.101822,12135.98309,16744.4303,-30.85542855
0.15165858,55,1.018691881,0.112714014,0.076456492,3.299488257,0.932346802,-12.16362794,-23.26473443,-26.10135823,0.117373373,0.031855048,8,7368.81724,0.498156638,5510.412999,1991.256208,4898.853209,12394.91702,16657.40772,-29.21223407
0.202914605,55,0.980694985,0.083042319,0.044700473,2.164517105,0.737571077,-11.90910978,-23.14644812,-29.11083226,0.104976627,0.056937947,9,6371.616321,0.667559833,5162.607542,2073.848562,5241.436652,12068.10402,16524.72925,-31.59313236
0.23771488,47,0.970790992,0.078672664,0.079418517,2.577806495,0.847311594,-11.99707306,-22.89723427,-30.27577147,0.118130078,0.057092797,6,6510.750437,0.586199035,5408.413054,1875.99882,4904.567606,12017.76033,16614.24213,-30.44875553
0.228209243,55,1.010403295,0.10484685,0.048604871,2.896435588,0.791960495,-12.17252213,-24.33998449,-26.24442441,0.108606947,0.052148144,7,7257.644733,0.545106523,5003.190326,1967.221176,4776.961248,12098.5764,16487.28313,-30.50221373
0.148449343,43,0.998484539,0.088227911,0.063758065,3.330370333,0.90086052,-11.71881429,-23.76265844,-30.60047462,0.118583573,0.037731392,5,6814.573431,0.513546189,5670.996278,2118.915937,5067.982697,12207.15467,16768.85013,-28.52431787
0.234278004,39,1.027018833,0.087415047,0.082907463,2.658522475,0.867708393,-12.18530319,-23.8027529,-31.97568886,0.102980755,0.049894075,9,7227.234397,0.695643094,5426.799333,2190.166016,4966.727469,12066.57428,16498.54704,-30.04469672
0.221369668,55,1.002546409,0.095652375,0.049748459,2.486817645,0.715180797,-12.14450481,-23.21359042,-28.75192925,0.117425867,0.060255559,10,6630.20101,0.628691091,5498.094849,2141.954886,4794.045251,12336.08587,16431.35765,-26.68638133
0.213081258,37,0.993062139,0.084411491,0.042688237,2.95711096,0.819921991,-12.25566617,-23.53724217,-25.79511056,0.103032252,0.057934182,8,6430.6567,0.622836884,5591.045816,2008.746193,5165.458228,12288.14714,16798.63588,-29.81301703
0.207950428,41,0.984202097,0.077889461,0.072302346,2.799030768,0.713194802,-12.18399898,-22.97759311,-32.05810824,0.104320629,0.038810389,7,7706.963092,0.581293236,5742.179352,1822.939847,5064.986542,12394.63331,16614.74646,-30.21528469
0.198279771,52,1.012216933,0.093078151,0.088003716,3.203954562,0.812772043,-11.92183204,-22.70499237,-29.50522146,0.108946161,0.041962166,7,6349.798315,0.661674426,5835.857443,1854.263585,4778.491123,12033.14281,16622.06999,-26.73490598
0.209968011,51,0.998508707,0.102018754,0.053638737,2.15014197,0.851007577,-12.05819663,-22.83340506,-28.8336237,0.107725047,0.036480414,6,7002.141104,0.571780651,5863.482781,1964.509286,4962.177417,12206.39655,16494.95478,-29.20439189
0.166240853,41,0.998398364,0.108598564,0.098981066,2.773075094,0.84770127,-12.00790147,-24.25188994,-28.3622337,0.102743708,0.05073022,5,6911.578183,0.537371302,5355.196671,2020.854888,5033.408973,12336.56645,16415.28791,-28.40291473
0.213349216,53,1.0250692,0.09937935,0.044745018,2.621405676,0.807351488,-11.94693188,-22.86085001,-31.22577703,0.111239934,0.060988668,10,6742.773612,0.486841361,5034.415649,2056.638473,4828.671718,12496.48397,16524.79895,-25.92881056
0.230700071,39,0.975377652,0.110602239,0.051910061,2.688065943,0.7714978,-11.99739561,-24.36632129,-31.93903814,0.102348062,0.068787526,10,7476.759325,0.601794989,5520.342338,2002.876027,5284.899185,12476.06932,16552.27783,-28.62122628
0.171021097,51,1.018084852,0.119737139,0.045186239,2.065245978,0.781924304,-11.90033213,-24.20965788,-29.03869168,0.104288814,0.058375068,10,6954.656511,0.611487905,5743.076078,1955.654955,5018.161778,12099.40985,16562.91099,-29.53186326
0.173010596,41,1.002829897,0.117324694,0.083679599,3.228559415,0.834699675,-11.80632076,-22.8408797,-30.24106619,0.110805423,0.060843631,6,6537.696389,0.563392718,5207.85667,1902.156729,4857.257357,12053.22371,16780.9488,-31.18024756
0.15799464,47,0.97970426,0.113911428,0.043918799,1.867031507,0.793106773,-12.01327251,-24.23372572,-31.1134655,0.119275248,0.045580306,8,6718.123038,0.49868515,5863.935702,1938.134672,4857.193342,12325.01862,16741.72056,-29.67967485
0.171953949,42,0.997225008,0.106698698,0.056763846,3.158501569,0.813970676,-11.96121592,-22.86412584,-31.55787515,0.105232515,0.057824093,7,6594.160318,0.536143336,5354.758641,2105.54097,5238.898343,12474.73684,16647.42463,-30.54107678
0.217220254,51,1.026490662,0.075394355,0.082211962,3.064092863,0.934799237,-11.90567969,-22.66334807,-25.88399018,0.11822414,0.06844012,6,7840.738488,0.528043365,5241.459831,2027.110541,4780.982407,12432.38316,16433.53301,-30.41280748
0.1890023,48,1.012295559,0.101143181,0.071855324,2.999043509,0.926799238,-11.80581206,-22.61213034,-28.38643266,0.116764127,0.030445262,5,6690.414392,0.682955963,5149.552238,1986.419493,4786.040819,12494.67396,16701.08089,-26.51054772
0.239382983,52,0.988136963,0.102866306,0.071139603,2.224891815,0.941707732,-11.79860853,-22.63638984,-27.77783538,0.112468964,0.055656243,6,7325.221615,0.558018426,5184.8695,2128.700979,4878.986299,12436.11086,16524.94915,-30.12167954
0.198299958,47,1.004784545,0.085236996,0.099195643,2.177680706,0.836336061,-12.09589054,-24.1559562,-30.32288961,0.113682864,0.048294872,8,6986.176958,0.575989484,5937.057474,2173.687606,5228.724009,12257.71134,16734.63244,-30.82481397
0.220373396,46,0.991660647,0.089051575,0.080544882,2.740135834,0.743951766,-12.18280152,-22.54738107,-31.73552757,0.109425376,0.049463602,10,7419.605636,0.579257795,5473.571941,2184.928876,4918.689076,12346.34198,16657.70451,-31.04362079
0.191488529,52,0.984462399,0.113259744,0.049997154,3.331023801,0.754860095,-12.18467269,-24.3912216,-31.78096296,0.119421502,0.069906715,7,6882.976511,0.509438567,5172.841238,1842.432765,4723.894047,12404.89917,16710.87083,-28.86976751
0.209786181,37,0.971480141,0.105124195,0.056989721,2.510727388,0.851007752,-11.89006593,-23.49602308,-29.2315985,0.109730936,0.041577894,5,6351.800415,0.614652418,5654.221358,2112.211213,4772.141022,12209.05314,16778.95702,-27.2697119
0.218291231,37,1.003206374,0.091880393,0.040760514,2.740015028,0.776011141,-11.7154901,-24.37102923,-28.26979728,0.100984108,0.053645401,8,7543.62693,0.426054204,5472.063322,2090.130787,5201.141414,12145.42587,16784.68605,-26.99621883
0.21374327,59,0.986144903,0.076734811,0.052522975,3.302684019,0.787594506,-12.08730364,-23.51977058,-27.91952854,0.110419704,0.063661186,7,6326.071981,0.514370365,5741.099999,2035.303225,5055.404597,12180.09007,16408.7551,-27.10693657
0.157658651,59,0.988711398,0.118281742,0.068730383,2.171613996,0.795143914,-11.82085541,-24.36131763,-27.28580114,0.103606035,0.051430698,10,6374.582389,0.5850521,5563.839595,2059.494977,5173.133522,12276.28983,16587.51229,-26.98931345
0.17662089,49,1.007681186,0.087962623,0.087793515,2.827497079,0.852567532,-12.29170204,-23.49177829,-28.41744331,0.115786721,0.05006952,8,6677.568361,0.655682739,5176.958488,2036.567595,4726.754913,12109.678,16707.68446,-31.71530159
0.239305476,55,1.023703138,0.074967109,0.040031159,3.045942863,0.920010652,-11.74391199,-22.76611662,-30.36426363,0.116295791,0.058970761,6,7749.710805,0.507888905,5406.823435,2165.713997,4756.226715,12092.73445,16634.3986,-27.50253452
0.215121012,45,1.002223881,0.109083167,0.041532505,3.105915762,0.733475489,-12.00148115,-24.20587039,-25.96847922,0.103005386,0.060629219,7,6117.036917,0.638413826,5264.317353,2173.199378,4907.899917,12204.30127,16403.1941,-29.20487282
0.145583862,48,1.015915151,0.085219899,0.05614592,2.517736987,0.815534634,-11.91860395,-22.85706504,-26.78461301,0.108511565,0.03941252,5,6804.122995,0.422592815,5732.276022,2119.093864,5263.186807,12044.25841,16472.27806,-28.44202014
0.182403023,45,0.984923622,0.088877147,0.096311182,3.188442534,0.829956931,-12.14467012,-22.93677284,-28.80844663,0.104648584,0.063769586,8,6025.901014,0.425977937,5149.750743,1999.059569,5054.624653,12164.40571,16711.06379,-25.92032934
0.199000134,37,0.992294649,0.097627577,0.063321636,1.985681387,0.722869165,-11.87718687,-23.05686869,-31.79485925,0.119111128,0.04107277,8,6967.352062,0.459338717,5992.960261,2145.142111,5263.055581,12311.74433,16468.04624,-31.39455258
0.149187634,54,0.995422402,0.085792212,0.09764524,2.805964465,0.776648415,-11.77485141,-22.76928399,-31.77528395,0.117625576,0.069757184,5,6756.816438,0.575132373,5268.52638,1801.708717,4736.723559,12157.71477,16445.25781,-31.30886094
0.148751207,50,1.002336384,0.07590766,0.042569842,3.211098707,0.858522086,-11.9914917,-24.11292999,-27.32491581,0.113347166,0.062798381,9,7974.696264,0.670931026,5277.612557,1959.247713,5027.391524,12001.56623,16766.1818,-27.56992425
0.180767219,46,1.027561588,0.098684526,0.043274531,2.674949609,0.90112824,-12.16530482,-23.76152806,-29.37915249,0.10086185,0.06650259,9,7775.441301,0.5351585,5894.954884,1936.635965,4756.486048,12443.23826,16563.78406,-30.15006566
0.153211012,49,0.996244955,0.070033657,0.075908817,3.000525829,0.924274163,-12.17972761,-23.75047674,-29.0654489,0.10795028,0.041153107,6,6346.918119,0.509692787,5908.17434,1832.471501,4782.312767,12111.19798,16795.43474,-28.61745138
0.176054561,46,1.019887169,0.077408605,0.098966689,3.366274998,0.70384603,-12.22469606,-22.68555447,-28.91378246,0.106335014,0.042140312,8,7588.779713,0.512341023,5590.539093,1813.408414,4906.798204,12365.2452,16707.63045,-30.15807686
0.204520321,58,0.973953046,0.084257099,0.05783546,2.624022245,0.858321356,-12.02060067,-22.83728539,-30.25957104,0.112385676,0.048949142,5,7962.720516,0.500583649,5243.522161,1861.390491,4940.239869,12028.42215,16574.58561,-26.39220532
0.178534275,53,1.024256035,0.088876264,0.096833174,3.363611827,0.858903808,-11.90495433,-22.48091226,-32.07027011,0.116432821,0.066418507,5,6034.942106,0.693552879,5318.87766,2103.769538,5208.749465,12144.0284,16463.5165,-27.0793827
0.211662974,45,1.001512692,0.087429078,0.044596167,2.006946482,0.765936822,-12.20805303,-24.13937536,-26.319297,0.118804167,0.066242374,8,6519.825947,0.412683115,5361.746049,1880.464182,4881.833886,12096.88021,16539.33401,-28.06081659
0.232240888,45,0.970693651,0.094995623,0.049038729,3.223647668,0.779100958,-12.28470204,-23.13903083,-31.19647679,0.105864575,0.051081778,7,6650.996925,0.432587743,5849.518075,2048.117471,5268.678282,12439.90804,16641.22742,-27.34045695
0.176263766,40,1.002252467,0.087153572,0.078828189,2.75918393,0.772596268,-11.97409163,-23.2403205,-31.2252418,0.117531959,0.041079819,7,6290.885379,0.460313647,5432.236721,1967.276615,4970.678723,12008.84588,16637.53381,-26.80386103
0.209850925,53,1.028549375,0.086117449,0.043318132,2.1244972,0.751534814,-12.29241162,-23.44662808,-32.16504249,0.11628406,0.034094088,9,7836.922098,0.596418574,5653.824112,2135.230106,4895.901021,12109.47683,16612.93847,-31.35065314
0.204643153,58,1.01146928,0.107802241,0.099826284,3.248322398,0.895835639,-12.27833204,-23.40707219,-27.15253143,0.107226546,0.057820847,10,7320.188306,0.609853295,5057.494906,1877.789958,4976.912389,12115.36692,16607.7209,-25.88985631
0.146387366,59,1.015347021,0.101747074,0.093640845,2.944293648,0.892931014,-11.81597099,-23.99036395,-26.63838892,0.112921577,0.046936396,10,6577.806771,0.571790884,5313.385559,2066.061546,5045.902214,12175.03986,16484.3804,-25.71483199
0.233015259,45,1.029994877,0.096231793,0.064600281,2.53298095,0.74399335,-11.83010625,-22.80606201,-30.68459143,0.102099681,0.053688902,8,7343.790582,0.583348458,5569.149614,2011.516822,5206.618364,12299.46896,16426.18832,-28.86928111
0.195997809,46,0.998892815,0.103384681,0.077451002,2.53838635,0.707567517,-11.94951436,-23.93363706,-29.35515951,0.109498314,0.054872045,8,7959.635614,0.525369023,5154.52562,1975.039766,4886.941976,12335.76857,16652.02006,-26.09902301
0.160462534,39,0.996587667,0.10640569,0.046482933,1.769662164,0.814130502,-11.88145615,-23.35730985,-30.75073828,0.108434556,0.06054419,9,6021.85193,0.548968016,5141.513837,2158.610378,5088.350835,12022.87196,16611.50138,-29.47900652
0.209693217,40,0.980321479,0.103013304,0.051033129,2.383047115,0.790856976,-11.74365819,-24.10040709,-31.13574405,0.113908992,0.062649044,9,6003.929526,0.542088099,5706.242083,2088.308665,4849.778685,12210.72867,16479.56954,-28.18703755
0.161935691,54,0.988404158,0.075647668,0.074599211,1.828870398,0.794971899,-11.96636851,-22.53308943,-28.39232965,0.112975583,0.067888368,10,6449.349941,0.635769299,5369.428754,2193.738922,5276.449303,12427.12586,16763.92881,-27.8478878
0.178717472,52,0.997330852,0.113211351,0.079331154,2.074009286,0.764366717,-11.82150873,-23.58748188,-26.18073138,0.115662372,0.065482322,7,6068.761575,0.591075602,5191.137191,1871.974988,5213.854094,12440.47447,16794.83695,-26.16231127
0.193696021,49,0.974488884,0.078442496,0.09346389,2.967818523,0.783029071,-11.87148551,-23.88878488,-30.4574266,0.110661094,0.033837936,6,7275.027974,0.692536464,5387.205986,2028.826681,5283.137128,12417.18255,16543.77987,-29.91148596
0.161874457,39,0.987499842,0.080870016,0.099037207,2.627060667,0.878003038,-11.91994939,-23.81226438,-30.11279585,0.119353369,0.044162997,10,7943.630466,0.585777959,5244.355091,2141.276958,4991.884899,12330.45496,16545.60611,-26.03010219
0.220009568,39,0.993330005,0.113696736,0.070407888,2.36686333,0.877997465,-11.88940676,-24.02902293,-29.69077949,0.109631548,0.047496887,7,6655.178224,0.621700498,5581.097468,2062.452277,5253.377763,12440.79044,16603.57899,-27.29124793
0.173697126,58,1.028032984,0.074419121,0.041415532,2.687859329,0.820096138,-12.12024051,-24.10597119,-26.55507468,0.118071166,0.046603657,5,7357.489017,0.574207553,5347.801442,1864.476229,5168.929851,12231.28554,16591.43639,-28.18667215
0.234603336,48,1.028751015,0.104667071,0.057413278,2.714611273,0.867918991,-11.76597087,-23.37490976,-29.48996444,0.114160568,0.069260649,8,7812.227536,0.587540057,5767.011078,2011.394988,4713.794918,12475.45172,16403.09335,-27.08552206
0.14609543,51,1.000772365,0.082906666,0.074426129,2.508928444,0.756767832,-11.96409693,-22.85973233,-26.01476941,0.105242006,0.056140215,7,6253.289113,0.613827245,5483.238285,1991.092373,4915.122824,12336.11469,16799.04339,-30.64623373
0.154437617,52,1.024513821,0.083312694,0.081037357,2.674335196,0.925981379,-12.20496803,-24.28985508,-28.19557856,0.108289032,0.04962635,8,7963.97303,0.484902333,5176.890299,1896.141211,5025.450559,12028.01923,16405.38405,-29.15852802
0.185216511,55,1.00093417,0.11509059,0.088449986,2.654081673,0.915382733,-12.05928634,-23.69203436,-27.53326404,0.116541794,0.03925065,10,7631.938883,0.694979798,5511.408394,1930.127134,4798.509724,12410.38475,16660.86084,-31.17846012
0.159978404,54,1.026312849,0.089928578,0.04625854,2.496909477,0.935460597,-11.89480352,-22.40597871,-27.92923151,0.115277459,0.0594425,9,7246.372083,0.434795482,5300.860903,2023.629365,4731.519927,12193.17172,16549.5525,-29.45568378
0.211050473,38,0.983578202,0.080855715,0.087391823,2.287684255,0.726538057,-12.2282916,-24.26248074,-31.98625542,0.116719771,0.061926902,5,6969.051962,0.61323243,5594.762753,2030.936034,4908.767134,12462.86303,16658.03719,-31.54332298
0.197925606,55,1.01805715,0.095114343,0.061199176,1.788922753,0.858944553,-12.23986465,-23.46878062,-29.21733553,0.101073625,0.064980169,6,6195.732754,0.523865364,5223.358329,2037.230999,4974.019855,12428.02664,16462.64683,-29.19265045
0.153976594,59,1.012574031,0.108577922,0.099493884,2.21165295,0.838659039,-12.11957513,-24.25626836,-27.20317035,0.113466052,0.062197754,7,6297.896127,0.471433085,5741.546888,1985.325641,5067.465799,12265.12512,16689.3574,-31.94049474
0.182737037,52,1.010505556,0.076917491,0.094293302,2.243699916,0.726785934,-12.28276789,-24.02567851,-28.11457483,0.114154014,0.041434643,7,7898.693263,0.634332241,5056.104717,2189.916324,5257.634504,12389.21427,16654.48235,-30.67071095
0.222699023,37,0.978812306,0.119339567,0.04412163,1.694596892,0.915549551,-12.1340829,-23.44450186,-31.32356299,0.109647691,0.031481943,10,6328.308501,0.622289571,5927.581057,1934.667413,5153.584911,12459.37001,16736.17634,-29.52035285
0.220568862,56,0.994558052,0.114822807,0.081493765,1.992244148,0.837538074,-11.73561134,-24.38766136,-30.25439195,0.107408165,0.035614431,6,7981.996471,0.546698233,5032.922083,2169.084683,4850.916184,12482.21271,16608.43611,-27.72644959
0.157653669,42,1.005399603,0.108613615,0.099748076,3.236354194,0.741464027,-12.1973733,-23.23658923,-28.95283252,0.106147059,0.060953514,8,7166.213185,0.41359086,5518.547653,1988.475893,4821.054289,12195.38219,16754.47284,-31.69337716
0.234330541,45,1.021585223,0.119251987,0.060465807,3.233007674,0.949799947,-11.96502683,-24.11595888,-27.28491152,0.10903689,0.053900902,6,6611.684241,0.430471358,5918.560784,2113.813739,5160.389678,12096.78111,16441.32581,-28.21072754
0.172365987,51,0.98484155,0.089908994,0.09130431,1.712022523,0.863166166,-11.88327741,-23.85831806,-30.59717922,0.110382589,0.043769675,6,6756.053959,0.449170781,5126.308182,2098.40663,5194.696418,12407.21923,16556.95505,-28.19447995
0.151624254,44,0.980049568,0.093126606,0.081674638,2.478561608,0.758643488,-12.02160964,-23.77782517,-27.49186373,0.102628658,0.042524213,5,6842.298188,0.48331282,5669.333366,1970.894777,5049.36566,12307.59581,16750.21114,-31.08298689
0.217569523,44,1.009988366,0.072481829,0.041848245,2.198400304,0.732892798,-12.16655042,-22.61708257,-29.56252602,0.107190051,0.055332635,8,6221.969733,0.412114805,5229.880325,1865.59248,5195.256239,12035.48839,16447.74204,-27.60020114
0.210154108,44,0.987222377,0.116796614,0.05308179,1.953949829,0.923914914,-12.16772868,-23.05106285,-30.01923994,0.110634829,0.035338148,7,6276.92891,0.470221418,5976.242963,1883.788873,5093.58863,12470.80595,16711.57496,-26.26044582
0.159844579,52,1.008195462,0.093913144,0.092203222,1.707643404,0.752010427,-12.1178225,-22.6130103,-29.45038631,0.104655559,0.069329571,10,7789.405014,0.44653693,5152.723028,1920.432001,5024.988689,12308.43079,16451.17849,-25.96698618
0.212493522,43,0.9960261,0.115929122,0.048887522,2.738218258,0.870929706,-12.28977826,-23.07963096,-28.62002019,0.117967225,0.045578894,9,6591.791922,0.434426169,5059.795339,2026.110246,4715.740354,12018.29777,16575.77869,-28.69981633
0.193231908,56,0.985863838,0.101955183,0.068383656,3.260392792,0.794357653,-11.9694376,-23.93385706,-31.18854522,0.101096135,0.034416125,5,7401.599686,0.436447987,5615.112285,1820.934188,5212.073688,12111.27004,16497.12742,-31.76364273
0.183084953,57,1.008040861,0.085489769,0.089196446,2.033327743,0.887978687,-12.2304218,-22.42803211,-29.1522374,0.10963837,0.049602777,8,6736.281124,0.640107379,5139.756796,2148.236812,4945.815687,12103.76473,16650.17662,-29.21188686
0.202791723,38,1.021610385,0.085506639,0.080875345,1.696519477,0.745599384,-11.77643034,-23.15995621,-31.37607967,0.114288979,0.03820678,10,7465.287097,0.429806763,5493.994862,1897.846069,4874.577379,12003.85222,16535.96193,-30.58709976
0.150615703,51,0.997809965,0.107209953,0.046958032,2.97192456,0.843267593,-12.16710819,-24.00791668,-26.31498819,0.115862985,0.068226604,8,7504.97018,0.569014714,5873.615167,2172.742269,5002.725518,12274.61041,16752.24486,-32.07420536
0.204421558,56,0.973042988,0.08928754,0.079625852,2.234323047,0.934182864,-11.95960977,-23.28299934,-30.7097523,0.102799049,0.061348236,8,6757.082824,0.516648612,5619.565772,1974.451653,4748.428689,12124.51032,16739.64324,-30.99529642
0.182655221,57,1.019101384,0.117209861,0.053609116,2.354869315,0.759231856,-11.85718461,-23.48356054,-27.89328691,0.118135036,0.048927059,8,7991.80526,0.592158123,5098.51643,2194.553433,4768.641078,12321.87447,16424.93863,-27.08455416
0.168487618,49,1.023169175,0.105859412,0.056346638,2.322368023,0.93615082,-12.03901634,-23.22440924,-31.18930602,0.103537217,0.05456216,5,6987.922864,0.470026286,5382.207282,2187.614565,4961.921887,12420.00091,16646.39492,-25.97369292
0.165812917,48,0.98868266,0.11994022,0.094147872,2.922405142,0.898195837,-11.74457904,-23.87808567,-29.1632301,0.101145451,0.032341816,9,6042.235551,0.502089867,5119.067232,2158.685985,4858.495552,12071.28749,16464.23525,-29.35658563
0.23892511,53,0.996289915,0.099728869,0.072119244,1.931141877,0.93409831,-11.70820057,-22.48595688,-31.29556357,0.116196411,0.030435081,7,6572.573867,0.459768033,5493.958628,2186.154681,5266.234526,12130.46576,16567.32554,-26.2781602
0.22354346,44,0.984489307,0.089581725,0.088966607,3.201183064,0.903234399,-11.94204003,-22.93885757,-28.55987121,0.107673112,0.067208686,6,7179.565692,0.610968398,5640.851625,1974.647472,5054.644302,12389.93247,16638.50589,-30.02908069
0.236466237,53,1.005390426,0.107632454,0.048183928,3.327438548,0.773026317,-12.13086601,-23.26429981,-27.80634299,0.114549578,0.03963732,7,6566.22815,0.492238291,5708.85945,1897.416475,5279.083282,12214.16823,16541.82736,-29.80401417
0.213999908,42,1.005942438,0.081276191,0.077162359,2.460924753,0.911524745,-11.78863957,-23.03109972,-30.17935832,0.1092475,0.069304426,9,6546.190664,0.518308604,5894.361949,2046.477165,5011.012661,12443.69104,16794.96282,-26.97904673
0.187591886,37,1.022970065,0.090858658,0.096087402,1.850847188,0.737417111,-12.11309671,-23.41215457,-31.93641861,0.116636518,0.043633574,10,6665.120751,0.679140529,5722.794653,2187.763521,4808.26948,12107.27203,16746.47527,-27.39001102
0.143223032,58,1.007048725,0.094752407,0.067836138,1.751599342,0.777943651,-12.04279988,-23.44265057,-32.15251309,0.114493146,0.061540377,7,6868.416572,0.460673237,5197.662318,2170.448116,5123.767444,12257.89304,16760.15978,-27.72008579
0.219064158,40,1.010308011,0.112049628,0.084648253,1.816141318,0.905587494,-12.12913508,-23.57539268,-31.64275695,0.119751421,0.067173988,5,6696.621969,0.582999379,5155.243077,2040.36296,5160.582961,12015.75145,16501.8129,-31.06394269
0.15795451,53,0.999102487,0.09395449,0.069867206,2.800205177,0.81744102,-12.21600851,-24.23973294,-27.87610027,0.11772726,0.044417663,9,7252.624581,0.419400107,5677.184078,2159.1246,4807.149447,12385.37361,16427.13143,-26.81199119
0.19648268,46,1.006413604,0.110679809,0.063365393,1.778522177,0.857886255,-12.25524898,-24.18333317,-32.19066658,0.102062828,0.038695441,10,6677.653878,0.628931769,5416.787842,1924.884246,5145.293705,12282.89989,16552.60641,-26.86529687
0.186774569,37,0.982764241,0.087846634,0.076816872,3.133641087,0.824113404,-11.79123079,-22.53269943,-29.02157635,0.119820134,0.031991386,8,7837.268529,0.49050023,5498.613353,1853.162602,5254.210801,12033.91567,16527.84404,-30.09083962
0.160487087,38,1.000816533,0.070817015,0.054214441,2.007879652,0.88010553,-11.88700948,-23.79966385,-27.45954964,0.113818054,0.035572623,7,7791.073119,0.589457666,5150.722729,1803.097696,5205.439554,12137.58275,16442.34145,-26.16041245
0.183276551,58,0.975007927,0.092611385,0.063571076,3.057650321,0.748637905,-11.72848187,-22.84734499,-28.96411379,0.11180439,0.031557113,8,7331.768669,0.535400863,5476.939046,2102.471776,5290.378051,12062.6469,16477.46204,-28.43359676
0.216351838,42,0.992410527,0.111855101,0.092186203,2.320262928,0.869611959,-12.00931689,-23.43165017,-29.85752936,0.116339104,0.066418423,9,7985.784632,0.566150314,5214.9467,1996.636967,5175.902248,12446.78524,16558.83306,-32.08613594
0.196824318,42,1.020056414,0.100577353,0.067558578,2.17295474,0.783047678,-12.04875057,-22.59618394,-28.98028648,0.103410313,0.061870722,9,7507.53992,0.469407952,5375.440869,2188.237902,4920.423406,12302.7251,16755.05317,-31.73290485
0.219436535,45,0.983742328,0.077482407,0.044760306,3.067584151,0.922498386,-11.95710774,-23.98815144,-29.61582712,0.10394498,0.059478653,7,7882.318922,0.496055994,5422.362186,2173.56452,4760.685837,12242.93936,16691.37347,-32.06544304
0.194990325,38,1.023458107,0.117112712,0.096648259,2.581812154,0.766687209,-11.96944059,-24.39755455,-28.32889165,0.103436593,0.057065661,6,6109.260382,0.613502004,5438.283968,1878.528463,5029.91676,12427.9152,16639.11608,-30.07806972
0.18873861,54,1.014137059,0.07551979,0.052654599,3.138481194,0.854914271,-11.87984282,-23.76863543,-26.15851541,0.110857862,0.038039161,6,6397.96537,0.607902973,5140.295097,1840.62558,4797.665072,12094.14254,16590.86401,-28.464704
0.206740622,54,0.987976506,0.086454931,0.088612848,1.928357972,0.782751067,-12.19830477,-23.19557054,-27.80500277,0.106295611,0.039989087,9,6493.854575,0.518426579,5162.911347,1827.860583,4898.460007,12007.96535,16502.10537,-30.95458896
0.142323147,55,0.986726378,0.09896944,0.096291336,2.496120435,0.790860169,-12.13126495,-22.50508305,-26.39092865,0.119590914,0.055234683,9,7141.24535,0.596773696,5525.717401,2177.718228,4772.642728,12104.5842,16492.57277,-28.0005801
0.145495163,38,1.015719553,0.0823006,0.047763461,2.677966749,0.847427103,-11.99275735,-23.00791456,-28.66284499,0.107553048,0.040791976,8,6937.697383,0.682420205,5358.100077,1957.186734,5276.02801,12356.71835,16646.47417,-28.52391455
0.205747881,47,0.976460782,0.078291538,0.078268515,2.008877443,0.846247961,-12.27803882,-22.43677609,-25.80698581,0.10317594,0.059248533,7,7373.646799,0.427878237,5702.744326,1891.250382,5206.934566,12002.95233,16511.40171,-31.24626325
0.181687931,58,1.02993397,0.097743261,0.041153755,3.363189871,0.856081041,-11.94279162,-22.64987277,-31.10002451,0.111886307,0.036748235,6,7361.632273,0.44404134,5698.697012,1921.560644,4711.622554,12179.49466,16617.92397,-30.24857511
0.213483623,52,1.001793848,0.078597333,0.051386039,2.548661905,0.819924684,-12.13358865,-23.71294942,-25.75829111,0.100642314,0.033758733,8,6093.180452,0.510147512,5906.230293,1872.346078,4894.258749,12044.1266,16433.05343,-28.87906138
0.145950257,38,0.987078479,0.086971732,0.053955579,3.071119374,0.733016965,-12.28014756,-23.2677134,-30.1744033,0.11354751,0.054594981,10,6012.627714,0.417729692,5630.015265,1854.777781,5212.041593,12435.33393,16537.41846,-25.80614267
0.236521658,53,1.00624807,0.117796376,0.063167182,3.338502236,0.806815041,-12.1266095,-22.95383357,-31.83352866,0.118059596,0.067060558,10,6274.926076,0.435035299,5028.221739,2131.659898,5087.455898,12386.89409,16400.18242,-27.79023741
0.213155056,51,0.998801087,0.106128302,0.055330503,1.731840044,0.928969888,-11.91377037,-23.0532333,-31.5141873,0.105242347,0.051355905,5,7585.062843,0.607460492,5163.756934,2146.28547,4874.844965,12104.93727,16525.63099,-27.23927702
0.211228219,41,1.005670882,0.076112041,0.076821326,1.851912806,0.858615207,-11.75270553,-23.24308439,-31.41287446,0.119289095,0.037215025,7,6161.419004,0.631465604,5906.444736,2092.692963,5076.862623,12159.45041,16730.42157,-27.70136985
0.180903972,43,1.02994997,0.108965795,0.060037968,2.68613166,0.842786453,-12.02018185,-22.86799231,-30.79217941,0.115030769,0.058962015,5,6172.593782,0.557382052,5516.339203,2104.798872,5122.509149,12413.89455,16582.48624,-30.18263326
0.194332012,50,0.973174004,0.110308666,0.057933655,1.943732726,0.850919843,-12.24033303,-22.5875775,-28.43977099,0.11406247,0.059533888,10,6071.635645,0.658942709,5371.753169,1961.146869,5068.034175,12329.21209,16730.61713,-29.57798909
0.166574677,39,0.999461972,0.109218111,0.055272717,2.87159486,0.728013201,-11.82030079,-24.11684973,-29.59740434,0.113681705,0.032390165,6,6658.161229,0.467524823,5583.130279,2180.002115,5124.424221,12295.78454,16410.92511,-31.6965257
0.162284119,43,1.011811068,0.109574315,0.063445332,2.365153131,0.938972176,-12.12224095,-23.32077041,-31.34759772,0.107597297,0.034738818,8,6855.094367,0.629059807,5290.471013,2056.04218,5020.790089,12053.74936,16448.3059,-27.1045831
0.168402519,42,0.991414419,0.087156856,0.056885387,1.773744542,0.897935957,-11.84049088,-23.22740695,-29.08013195,0.108372146,0.041832956,9,6233.19642,0.416154903,5798.866856,1862.197551,5144.766547,12019.19844,16411.5962,-30.91117607
0.208477684,59,0.988274342,0.09653494,0.068103644,2.410705103,0.783434435,-11.783401,-23.3831003,-29.48290627,0.106929886,0.052701236,7,7169.132725,0.416625594,5144.276339,2179.680018,5201.776715,12283.50627,16679.53314,-28.31607031
0.142285911,58,1.01147359,0.084991348,0.078666719,3.078804429,0.722117039,-12.12892109,-23.64267803,-29.39764666,0.108052827,0.063647784,8,7995.53874,0.615428403,5475.606623,2065.047842,5143.989286,12349.4604,16505.05546,-28.85602275
0.173704155,46,0.987064773,0.116112519,0.068930872,2.35983198,0.810874196,-11.74655395,-22.96310891,-27.77341813,0.107592931,0.067292492,6,6014.589699,0.539728626,5173.890004,2112.903461,4843.448843,12351.6376,16498.28147,-29.83803759
0.171426633,42,1.003005577,0.10416847,0.099723155,2.114854806,0.765090111,-12.04035675,-23.72697448,-27.29155382,0.116785021,0.068057832,9,6836.173081,0.632616261,5577.563242,2031.635719,5033.790897,12306.06109,16578.3325,-29.43241119
0.151503645,47,0.988981603,0.105983256,0.08910501,3.340471018,0.825035133,-12.07652141,-22.53815706,-30.94468663,0.111007082,0.049495828,8,7920.526869,0.562729461,5557.684785,2055.515729,4796.169725,12476.9122,16718.21834,-28.07824546
0.144084864,41,0.976120157,0.075008136,0.059031696,2.782898754,0.715476027,-12.24184722,-23.04367501,-30.08401101,0.108926725,0.033145057,5,7868.542958,0.5374344,5476.945563,1950.519591,5242.551984,12357.66858,16430.29892,-28.20503676
0.158005766,47,1.026596688,0.096804097,0.091107896,1.98106447,0.864669802,-11.98571604,-23.74027702,-31.60542213,0.10483355,0.053414915,5,6495.748118,0.454765495,5356.89851,1852.808248,4967.141819,12174.88914,16652.62166,-28.78037612
0.17234825,40,1.021054675,0.113051009,0.066625989,2.599068291,0.788526846,-11.77736415,-23.68853242,-27.23118547,0.114773329,0.030311393,5,6474.551538,0.431982277,5507.043395,1907.053795,5169.910137,12460.60334,16709.56131,-26.00536174
0.150814905,40,1.001008923,0.110957631,0.054610298,2.691176415,0.929821906,-11.8366018,-22.76469817,-26.06259767,0.116771005,0.033984688,8,6198.573844,0.532320326,5070.420007,2079.431353,5165.126227,12307.56304,16626.42393,-26.08558488
0.148201354,46,0.984949805,0.087355502,0.09915535,3.186102848,0.833563104,-11.81637505,-23.03326923,-26.12389033,0.112158067,0.067192671,10,6245.874283,0.57327787,5704.866282,1805.400584,5246.261259,12489.26614,16595.10241,-31.52533658
0.165126757,52,1.01762163,0.110516214,0.05913313,1.892837391,0.883481685,-11.95893159,-23.46718708,-29.69180009,0.111252246,0.04414988,5,6454.253619,0.602539704,5322.369645,2136.745805,5168.572877,12237.74849,16464.50855,-29.8148409
0.212008016,55,0.982942862,0.07257291,0.088386059,2.312279035,0.895580298,-11.81089474,-22.41425491,-25.90692478,0.112822798,0.069447928,7,7702.326892,0.583390376,5021.935892,2185.584938,5088.99298,12272.2841,16714.97391,-29.55019706
0.15162134,40,1.022532013,0.086745736,0.055335598,2.994050571,0.730278621,-11.84420005,-24.09285447,-30.81922665,0.112158951,0.05096196,9,7380.209944,0.407173187,5203.43371,2185.888349,5226.277077,12402.39866,16653.52041,-30.60198085
0.171413558,51,1.00832166,0.109813212,0.053492287,2.746868578,0.916416792,-12.10091569,-23.99706662,-29.58006693,0.108841763,0.04763115,6,6753.690659,0.622887172,5022.587927,1894.944591,5154.665312,12120.09354,16640.22788,-31.70163334
0.198567465,58,1.007856026,0.111807175,0.0726111,3.377937904,0.893538623,-12.04363306,-23.2613754,-29.58170995,0.106041256,0.040376279,10,7975.093851,0.43721449,5403.331315,1814.147506,5150.928443,12475.78579,16756.30939,-27.83854807
0.154224942,53,1.02840853,0.106665535,0.089086655,2.259159665,0.879491264,-12.28185286,-23.69644282,-27.36269351,0.114969653,0.045564823,8,7821.644002,0.68653815,5143.726255,1828.589091,5258.548078,12449.60038,16463.82232,-30.79070724
0.196773375,58,0.988283496,0.106822129,0.09302277,3.295456157,0.722489541,-12.00942255,-23.85090843,-30.88490951,0.100677207,0.032783866,7,7405.81326,0.486389918,5577.459122,1908.406138,4883.605445,12214.91494,16444.72496,-30.22913985
0.186865165,46,0.982712996,0.097037559,0.052645017,3.148834468,0.733327719,-11.72725079,-22.59300511,-26.72079753,0.118632291,0.05592659,10,6338.696721,0.568054198,5967.705589,1953.907971,5176.145354,12338.50904,16697.05098,-28.4263838
0.186197335,45,1.024446602,0.077068379,0.057496911,2.963462479,0.718134474,-11.77442325,-23.34157758,-31.82037393,0.110188262,0.031737202,8,6342.643229,0.449626991,5179.659494,2167.813243,4920.692131,12476.87973,16693.85202,-29.70834788
0.147623244,55,0.984858884,0.108591371,0.08010237,2.642125187,0.750809538,-12.03566861,-23.11614244,-26.88520028,0.109812731,0.044132643,9,6683.216728,0.44365721,5636.979642,2172.907943,5051.007439,12215.06131,16748.07848,-27.41538908
0.16681462,53,1.021029415,0.09613838,0.072772928,2.409066199,0.792513213,-11.72328243,-24.36979781,-30.76831837,0.109834484,0.052976033,8,6976.171005,0.493754951,5579.34188,2081.968406,5073.478571,12286.80554,16424.89624,-26.96226208
0.200633848,39,1.0278303,0.098547383,0.047966995,2.072069362,0.865639637,-12.20933935,-23.18250418,-29.55695746,0.115186973,0.03907587,10,6212.56795,0.672330335,5510.690082,2063.802285,4842.800583,12066.06827,16722.61576,-28.63087331
0.177349121,54,0.998211624,0.092799225,0.086154554,3.043167696,0.92333013,-11.77952998,-23.20379156,-30.96394518,0.105771393,0.048570287,8,6240.781498,0.424192035,5641.723868,2052.281697,5294.349424,12302.60536,16741.82594,-29.26024186
0.199626661,46,0.993264374,0.114723054,0.067800376,2.510609799,0.755301803,-11.9290936,-22.47172568,-31.17335991,0.116992782,0.039480334,9,6850.133591,0.662672693,5821.838103,1999.384428,5069.513862,12281.52613,16618.77948,-28.49469086
0.159103042,54,1.02640047,0.111890021,0.058283384,3.332632988,0.901273856,-11.99208396,-22.89765868,-30.61723918,0.107828859,0.060632442,6,6805.193623,0.462852143,5034.225227,2033.217218,5274.092158,12088.33708,16579.56309,-25.83075072
0.202772447,52,1.022303827,0.097551993,0.091382305,3.2217392,0.915150238,-12.1418214,-22.54398258,-28.08219602,0.103974307,0.031114751,5,6626.195309,0.563025593,5344.813709,1821.55111,5112.110123,12446.00252,16631.51584,-26.09506478
0.144675835,42,1.004136558,0.100457289,0.093611401,3.239699178,0.749218754,-12.12023362,-24.15507371,-31.93371853,0.115400547,0.052445368,6,6017.62483,0.597237538,5172.499182,2030.532217,5081.381926,12319.40376,16736.86882,-29.95933152
0.186891967,40,1.012766648,0.083864598,0.091950418,3.053540866,0.949530625,-11.98074327,-23.41109697,-27.00161216,0.106532437,0.031586765,9,6616.695391,0.434131934,5106.61218,1895.45794,4876.562998,12044.40214,16662.46325,-28.24476511
0.203306948,49,0.996317279,0.101085078,0.085551664,1.682478796,0.799693786,-12.29261297,-22.96864663,-29.39358807,0.10498129,0.055668916,5,6475.300856,0.450794943,5741.853632,2105.859488,5029.365995,12194.98241,16425.90839,-28.11129454
0.188998418,46,1.025852041,0.106945409,0.054993394,2.701397108,0.704840722,-11.90326731,-23.7479558,-28.28253205,0.116156227,0.062990441,5,7990.20906,0.442898208,5393.41311,2098.073139,4734.433961,12421.94626,16695.56694,-31.76917353
0.204445814,49,0.998350158,0.076927954,0.095677432,2.845299363,0.729932734,-12.11229108,-22.74277726,-27.20514821,0.108934359,0.05506749,10,6474.623694,0.585788165,5558.561883,2034.952131,4878.95362,12351.07764,16538.68374,-31.23616834
0.144692795,38,0.999013607,0.097302579,0.048417988,2.980551278,0.91851906,-11.82346387,-22.81741431,-29.90784913,0.100629326,0.035784201,5,7122.19407,0.541976298,5966.612353,1945.550303,4743.831342,12124.86811,16797.33941,-25.95891425
0.183599414,40,1.027360704,0.099261607,0.092452687,2.78384196,0.863809339,-11.81004084,-23.00086396,-28.13242952,0.118896583,0.054289674,10,6563.747436,0.648134986,5062.417708,2075.676644,5184.339206,12026.33557,16765.11274,-30.80629798
0.168311352,48,0.973120782,0.10739849,0.078618769,3.259029293,0.931707368,-11.86828706,-24.21309077,-27.20115226,0.103846022,0.050664402,9,7342.219821,0.40895997,5213.661438,2106.661399,5217.929683,12097.39952,16667.37855,-31.25355342
0.170917036,38,1.014916877,0.071517777,0.051815496,2.490266804,0.852211693,-12.23723856,-24.32082075,-27.10986105,0.118603268,0.05845982,6,7729.191105,0.626250494,5858.459703,1938.827077,5175.002195,12426.7818,16508.23398,-26.49267785
0.223689812,39,0.983969095,0.106549845,0.098209534,2.709215837,0.718893847,-12.23524649,-23.00726195,-31.97393831,0.115721666,0.045530964,9,6683.459729,0.638169501,5214.861961,1900.200419,5189.401745,12179.20808,16604.96933,-26.14800258
0.149442745,58,0.976084303,0.100514547,0.086146559,1.833507162,0.711449246,-12.09501264,-23.15135423,-27.23583809,0.111449932,0.063989815,6,7306.410425,0.462505566,5313.666668,1957.053008,5136.801672,12251.14144,16594.71671,-28.04165035
0.220847499,38,1.012074189,0.070967846,0.073170784,2.255788452,0.806076295,-12.24445177,-22.85268705,-28.40568934,0.100685455,0.053804376,6,6228.009362,0.495901714,5275.520131,2055.623661,5233.462108,12060.43123,16495.61139,-27.12150577
0.161410229,59,1.009759579,0.102755968,0.085403857,2.668973631,0.772248363,-11.95151587,-23.67280636,-26.92748861,0.116127622,0.047091915,6,7712.992624,0.674524967,5413.066666,2126.231966,5243.581411,12090.94876,16793.19912,-32.03990365
0.178199591,44,0.997886803,0.085299984,0.075879804,2.50780989,0.933491739,-12.02071974,-23.43701873,-26.1816613,0.104773501,0.055417036,8,7961.928765,0.563774054,5174.770165,1800.276253,4794.158722,12190.18315,16798.08587,-25.75029246
0.199811278,53,1.021696796,0.108156807,0.079783543,2.132910835,0.943499118,-12.17285276,-23.23155586,-29.20783615,0.101329801,0.052999483,6,7157.373036,0.509453155,5516.184908,1946.38844,4864.336097,12267.43735,16518.83712,-28.3334993
0.233760692,55,1.012224785,0.073003017,0.052796207,2.389385425,0.862364898,-12.13103384,-22.86556749,-31.49700402,0.119413357,0.041352357,9,7303.285529,0.442552143,5346.683762,1926.116527,4973.311309,12118.56365,16629.21289,-29.74446502
0.192707056,39,0.99627874,0.079150792,0.06939212,2.634715762,0.812847342,-12.03664666,-24.38297374,-29.52984652,0.106531538,0.049979555,7,6000.689716,0.615176826,5949.199536,1868.07495,4971.193864,12220.68814,16546.69589,-31.9407684
0.156697431,45,1.020558054,0.103556922,0.081056794,2.856123151,0.719209691,-12.04105982,-24.0234779,-31.24724531,0.108968431,0.049650639,9,6849.405664,0.688437657,5215.979873,2147.056126,5070.592809,12041.30406,16719.56973,-26.16911074
0.145555049,57,0.974798867,0.092820952,0.066364916,2.098851035,0.808111049,-11.70736975,-23.57114055,-28.26930336,0.118291753,0.061145701,6,6280.857225,0.545403488,5948.300819,1841.005813,5157.497982,12318.86126,16680.52969,-29.28862564
0.225894168,59,0.973900432,0.113724635,0.088876093,2.520435306,0.733759727,-11.91104504,-22.55887608,-30.27485611,0.100387437,0.060389858,9,6324.614348,0.487859945,5060.571821,2176.721002,5071.687848,12083.33315,16523.49503,-28.24949173
0.186992521,46,0.977357554,0.108260972,0.04463106,2.252115578,0.919223605,-11.97286755,-22.48542117,-29.72735289,0.115039248,0.043130874,5,6916.562221,0.66374558,5100.31887,2101.411194,5000.675925,12493.37015,16448.54936,-31.28273652
0.216213774,37,1.020695933,0.114629057,0.045575441,2.762241386,0.882724654,-11.91010812,-22.78761343,-27.01303396,0.109997414,0.045629165,7,6054.614662,0.592806424,5612.274138,2012.676643,5104.95465,12005.14043,16413.20198,-29.47136918
0.195254207,42,0.985287965,0.079635408,0.075746595,2.500267825,0.764603082,-11.77176248,-23.04279223,-26.13057606,0.119172069,0.045426083,6,6037.093391,0.687342597,5002.194667,2127.121852,5099.569277,12183.61251,16773.49238,-25.7443155
0.198696496,54,0.995772478,0.100889906,0.089547563,2.745710789,0.923570641,-12.25191832,-22.55689433,-32.10545932,0.101513235,0.063195362,5,6969.169484,0.666270258,5340.027567,1847.361545,5059.562901,12417.09182,16558.75287,-25.70005789
0.142300634,46,0.977277673,0.091467245,0.047637821,2.128698677,0.794861987,-11.96284372,-24.22166802,-29.02440644,0.114555272,0.061313648,7,6858.389075,0.550754347,5630.087536,1857.517675,4823.120686,12096.28245,16572.83755,-29.92855968
0.187441609,44,1.013327677,0.081840383,0.072853568,1.854568297,0.884355511,-11.715978,-23.37523258,-28.07411759,0.108491108,0.067653317,6,7708.451205,0.515942446,5214.482729,1954.590337,5204.49153,12016.89522,16575.42606,-31.74259962
0.184048725,58,0.977758225,0.090992923,0.080903494,3.368068715,0.826585273,-12.29900927,-23.63680053,-30.28089202,0.111139511,0.064090778,9,6383.32474,0.540694321,5786.120559,1832.818285,5216.219915,12203.01089,16405.97108,-27.46750271
0.21781506,54,1.020880961,0.074797716,0.085375307,3.259519423,0.947341784,-12.05474751,-23.98233435,-26.65298353,0.114176271,0.043028085,8,6754.474691,0.577358399,5626.496431,2039.569702,5094.182723,12215.60151,16680.31485,-29.96166049
0.152836193,54,1.025923016,0.073052165,0.082022159,1.945727029,0.842793621,-12.22994267,-24.25487358,-29.91042356,0.119599579,0.052641076,9,7128.573283,0.633470346,5601.956245,1992.239476,5226.466322,12463.69199,16467.72562,-27.14314204
0.157925154,58,1.024650692,0.118048346,0.056860776,1.941930826,0.805531461,-12.29813298,-24.29774315,-30.20036218,0.119358792,0.069748106,6,6484.211955,0.662487755,5398.808541,2123.019243,4844.125231,12315.26166,16775.8427,-31.72614683
0.227217313,41,0.983633101,0.078622729,0.075348932,2.553019694,0.860387695,-12.16332168,-23.28832235,-28.16200275,0.111721653,0.047535465,7,7114.026861,0.69673234,5112.78441,1855.217654,4871.20839,12191.6269,16489.0791,-27.90437599
0.186661996,58,1.022761261,0.097986421,0.044319893,2.249056453,0.755552249,-12.22594455,-22.78896469,-31.49680844,0.103686076,0.030633054,7,7955.793511,0.462353394,5058.559778,1913.58412,5147.29076,12336.06889,16712.28095,-28.68888744
0.147837351,46,1.001678129,0.084562477,0.055283026,3.286730234,0.913246216,-12.04086019,-22.40798119,-31.93021029,0.109890957,0.064411216,8,7044.218096,0.56170527,5321.865642,2139.030426,4974.670248,12010.3829,16786.82725,-26.13630113
0.166026513,53,1.028811462,0.076500485,0.065721346,2.682443484,0.767486977,-11.84337456,-24.32371082,-28.65468358,0.11531215,0.04804934,6,7482.487692,0.512956932,5199.775973,2174.179217,4896.463175,12277.25393,16744.14024,-26.6954424
0.197159581,38,1.025880993,0.094414856,0.048204601,2.041271778,0.908414932,-12.11427289,-24.07968227,-30.50270321,0.116100338,0.045314287,8,7687.767227,0.517046487,5574.105892,2150.266885,5261.976746,12113.53194,16602.31101,-31.38119235
0.151152769,37,1.023427169,0.113049962,0.068494959,2.308852338,0.884542738,-11.7711406,-23.76558458,-32.04740505,0.106842885,0.034501865,10,6762.206547,0.421246057,5656.168048,2136.915507,5102.864416,12476.2448,16451.523,-29.45248069
0.148596086,42,0.998695655,0.090398212,0.079608992,3.306199845,0.788537273,-12.28709955,-22.60620117,-30.65312793,0.1157628,0.055963632,10,6731.204401,0.493940161,5831.398624,2009.275546,4778.891093,12153.69909,16790.83352,-26.01344195
0.237421998,51,1.005244555,0.102682299,0.064094643,2.253966335,0.842112556,-11.85370724,-24.27355822,-29.1621624,0.113862182,0.044419458,9,7064.289967,0.512931747,5428.338273,1868.445381,5076.291326,12405.3001,16759.15381,-30.57988497
0.215322696,57,0.983811292,0.094224767,0.083809697,2.975924008,0.894430129,-12.12896629,-24.06045251,-30.89724181,0.112197312,0.032223101,9,7648.297338,0.636821878,5647.979891,2084.947115,4857.555292,12293.47486,16563.01627,-29.40807225
0.161902402,48,1.006911795,0.086472206,0.049415899,1.721746882,0.87110474,-11.89839798,-24.39301493,-28.54083889,0.104586529,0.036240196,7,6455.659102,0.618662545,5977.521319,1945.598988,4744.38081,12032.23377,16507.68136,-29.96910832
0.181472568,47,1.001518988,0.118762375,0.076825743,2.783368918,0.721524874,-12.07092696,-22.93847292,-29.3579123,0.116893924,0.055327577,7,6130.834569,0.697403962,5976.748685,2073.530501,4963.093359,12341.04296,16422.21197,-27.31610049
0.231368487,56,0.999316806,0.117441596,0.084562623,2.115258632,0.878443102,-11.74982809,-24.33877279,-29.20996584,0.116595079,0.043814814,10,7719.856044,0.487179823,5853.448349,2015.531537,5210.730172,12092.79132,16406.71542,-28.45520773
0.167118304,46,1.001923133,0.110508784,0.06554086,2.387613479,0.898815991,-12.0905715,-23.08100041,-29.43335639,0.114315643,0.060263877,10,7266.230032,0.534245553,5139.115655,1802.169793,4999.035552,12401.59633,16763.60865,-30.48477386
0.170787373,41,1.008608312,0.071072461,0.095735018,2.273573357,0.882695582,-12.01436098,-22.8796023,-32.03819494,0.110890077,0.058385159,10,6822.074634,0.653687515,5092.66767,2079.359502,4836.76152,12242.43485,16693.52353,-31.01124891
0.172345519,45,1.016280241,0.116410374,0.040733102,3.132370647,0.713641844,-11.95102518,-23.11404101,-29.61866291,0.110738968,0.041766325,10,6396.829412,0.594536741,5444.30957,1905.309149,5093.532858,12049.73134,16706.98246,-28.85025353
0.152377206,58,1.010559448,0.085100838,0.040406978,2.842282034,0.823180247,-11.84953866,-23.34371947,-27.79688986,0.103974783,0.046994465,6,7544.45715,0.401903045,5225.88268,1805.023953,4873.950813,12448.45001,16483.52212,-28.08499702
0.145208246,40,0.999289345,0.093396995,0.096837542,3.242699745,0.781319317,-11.93854905,-22.92136629,-26.8719052,0.107091146,0.052151562,7,6498.034584,0.528105985,5032.731154,2195.364241,4764.919519,12428.35223,16510.36167,-31.76382846
0.224266705,42,1.01624969,0.109898986,0.064040045,1.754877794,0.895077067,-12.27803459,-22.90589134,-29.86705652,0.102892544,0.062504603,8,6695.367919,0.581354894,5413.560249,1812.824391,4975.027289,12207.76796,16716.87652,-29.99529292
0.167697795,42,1.009754627,0.109474975,0.050694822,2.116181971,0.718814872,-11.74139846,-23.52531906,-28.83024561,0.114704593,0.044112153,10,6390.102385,0.511136677,5994.672869,1803.50576,4938.268579,12454.39623,16725.02845,-28.58618433
0.182920509,39,1.026164583,0.106761673,0.08271481,2.489865034,0.760259904,-12.22842533,-24.16669108,-26.96258603,0.111825478,0.040363028,8,7475.793845,0.514200419,5986.615812,2138.863103,5137.753415,12236.83061,16454.83378,-28.69745527
0.181627453,37,1.008189475,0.11102038,0.069221143,3.132371709,0.927164046,-11.82280803,-22.96091841,-30.78502942,0.116691469,0.042109981,6,6300.907682,0.406024517,5065.318565,2178.82368,5046.76154,12199.20429,16536.87237,-30.64187033
0.214904708,58,1.019131064,0.098221844,0.078588802,2.107274945,0.718147231,-12.2301432,-24.01837811,-26.05390619,0.111734205,0.059031958,10,7735.887643,0.663699431,5864.501534,1997.95222,5154.810123,12249.40213,16795.77248,-31.62445243
0.188694525,48,0.981235069,0.090660404,0.075279501,1.744154278,0.903683581,-12.17327114,-22.82403677,-30.73203439,0.111303032,0.035477173,6,7968.998623,0.541866846,5120.197604,1994.699704,4748.259265,12367.04512,16622.95628,-26.27495863
0.21842096,58,0.990009919,0.08778192,0.063992742,1.847870184,0.809012157,-11.72059792,-24.35852922,-28.64428845,0.110315729,0.03425885,7,6137.39231,0.503595143,5482.16871,2086.243358,5058.930339,12494.39942,16563.06722,-28.42639289
0.151271408,38,0.972714754,0.07037685,0.054036685,3.167699386,0.73098425,-12.01882418,-23.59236336,-28.61618053,0.100277346,0.047210009,5,7916.849176,0.542036552,5884.53256,2150.949836,4892.584833,12283.7494,16667.1837,-30.90307361
0.164025421,49,0.996907501,0.114024265,0.051242878,3.237439254,0.712316215,-12.26547687,-23.93961647,-31.57062112,0.113200341,0.050279399,7,7891.942222,0.673637881,5683.970768,1880.607907,4728.021867,12411.96142,16522.77792,-27.41113752
0.167208424,46,0.979571072,0.095956377,0.052024946,3.245046948,0.84948065,-11.76941296,-24.10942688,-29.38220847,0.109776566,0.040818759,9,7659.100989,0.689577926,5561.549771,2116.269048,5193.843159,12456.00703,16452.70328,-31.91013273
0.188380156,59,0.989044362,0.070856296,0.046487058,1.748762021,0.852989952,-11.78666949,-22.95636946,-31.32970251,0.114076292,0.030996917,6,6604.906267,0.489188679,5876.619688,1828.836285,5095.47999,12193.25277,16651.89122,-30.7853966
0.190199924,43,1.02353719,0.076821165,0.077002757,2.536543247,0.933307534,-11.85475663,-23.7272887,-26.50985116,0.112366038,0.062992578,9,7594.0951,0.628295247,5477.401377,2089.754697,5053.709744,12062.30813,16456.79477,-28.6020232
0.181949512,53,1.019424692,0.079809787,0.045928756,2.594887319,0.904510011,-11.82013302,-23.27517444,-31.30261273,0.107545337,0.034262988,6,7020.075863,0.570591126,5552.422495,2002.120432,4967.294312,12204.24303,16516.73944,-27.97084933
0.166724687,38,0.989347667,0.095035609,0.087937863,3.028903902,0.854446608,-12.17872447,-23.36926625,-26.81499425,0.115557146,0.034053724,5,6856.052969,0.601656095,5242.048011,2006.1475,4779.151113,12282.17168,16710.05321,-30.35547616
0.234476303,59,0.972759928,0.115949543,0.087627508,2.96056253,0.703046126,-12.22063616,-23.64207685,-31.03536969,0.108786049,0.0393738,10,6226.047259,0.57926614,5956.04773,1849.688608,5093.130977,12399.92158,16745.8457,-25.79332767
0.219515923,47,1.021235512,0.076177043,0.041373514,2.519656303,0.780148606,-12.27816918,-22.59448283,-28.44257136,0.107726658,0.05342646,5,7817.687224,0.61017626,5221.347443,2021.307773,4779.370448,12282.25015,16762.72415,-29.67981744
0.186093663,45,1.002420304,0.105407173,0.068143993,2.979021772,0.728040108,-11.949931,-22.48355468,-31.22008639,0.118489204,0.050819606,5,7265.276011,0.49712931,5602.740225,2073.404514,4837.275165,12319.77518,16630.61514,-31.74124659
0.221443588,37,0.974661477,0.096609751,0.074349611,1.954637845,0.85503454,-11.83204718,-23.54468821,-31.51956641,0.109337418,0.0339718,9,6034.898075,0.662968951,5230.997294,2117.825437,5152.768971,12379.20812,16798.38697,-26.58729361
0.146632926,37,0.97153819,0.103262686,0.061096549,1.691726389,0.741331492,-11.72777278,-22.71252905,-28.93796413,0.101001408,0.068296373,5,7523.967891,0.685289,5170.670577,2012.818284,4831.159018,12424.63356,16682.78201,-29.24392498
0.175556037,52,1.019701232,0.10068892,0.063432707,2.82434041,0.79241515,-12.25014367,-22.6754221,-32.08063765,0.104351826,0.032780935,8,6435.40608,0.451543511,5479.980042,1857.312013,4931.016564,12256.77564,16537.50919,-30.37788384
0.219699861,54,1.000504597,0.09465436,0.063859174,1.95195474,0.753392153,-12.22156129,-24.28252939,-28.65497115,0.105769634,0.067077023,10,7817.106038,0.58791313,5940.289572,2179.111309,5292.532917,12235.69615,16675.11746,-30.12779001
0.198493592,58,0.995211388,0.078878631,0.096243463,2.077010463,0.816724424,-11.88042148,-23.63610051,-26.14517099,0.105201645,0.060794766,5,7918.772597,0.656320961,5548.181019,1819.649494,4813.876865,12088.71879,16622.04579,-28.11632282
0.17854375,40,1.003180648,0.118727462,0.048335232,2.683155054,0.724270649,-12.21681109,-22.6568995,-28.12528267,0.100966325,0.052719169,8,7017.258894,0.617913518,5010.787171,1907.048692,4707.422132,12252.36544,16649.91726,-26.3138207
0.188145249,38,1.003143433,0.109750702,0.084359117,3.12542975,0.802750796,-11.9220002,-23.52432913,-28.68278689,0.100863702,0.047317355,8,6589.321256,0.683480918,5677.277465,1894.136815,5068.735305,12409.2881,16637.87721,-26.46412672
0.186025537,52,1.029261864,0.1038704,0.062568712,2.726244988,0.947209596,-12.21485466,-22.49868689,-27.65933163,0.108515896,0.041336946,9,6623.195601,0.481365271,5331.935716,1916.018567,4833.404502,12075.90889,16735.95354,-29.89424947
0.198922187,41,0.975973761,0.104493296,0.093947119,1.756393277,0.80098574,-12.2574717,-22.6728372,-30.9456621,0.100471583,0.057368124,9,7692.717805,0.540148868,5430.775585,2093.28609,5099.218047,12220.14392,16737.00161,-31.31384088
0.18252971,52,1.000714944,0.093454698,0.083304166,2.735459001,0.855573663,-11.77275912,-23.66870445,-27.67631673,0.107745051,0.033585382,7,6257.387026,0.590380395,5959.359881,1881.35766,5117.926381,12114.06253,16710.60209,-29.51065009
0.239372227,58,1.025660766,0.081800063,0.066233364,2.466372372,0.85725889,-11.77807185,-23.21093657,-28.02681563,0.119715476,0.054364129,5,7416.39254,0.447345388,5242.735869,2028.991429,4805.309281,12197.04668,16431.07774,-27.14787831
0.224032204,54,0.985535358,0.082395177,0.077840167,2.161056867,0.716326088,-12.203678,-23.46447079,-27.83308917,0.119796531,0.045797032,10,7585.359804,0.663188894,5250.235542,2192.200233,5123.744013,12268.98058,16636.91505,-30.81255255
0.187549662,41,0.980475712,0.078530501,0.063618703,3.138229979,0.801836935,-12.04355705,-22.92651593,-28.4475813,0.101773359,0.036256595,8,7371.516336,0.663186264,5229.344077,2083.279059,5132.797489,12004.35443,16685.921,-28.7757602
0.16557205,53,1.019051077,0.098697591,0.078126984,2.661918529,0.791322479,-11.70592774,-22.63359538,-30.55169034,0.116635861,0.040693674,6,7031.974265,0.526468115,5220.814611,2012.912342,5186.628795,12382.95409,16700.22698,-26.26369218
0.228598216,50,0.971039087,0.104920341,0.059756168,2.082593197,0.792170279,-11.89685413,-22.84040266,-26.59412747,0.119613215,0.046206876,7,7781.542025,0.453835741,5064.289459,1840.142952,5263.465024,12117.27571,16570.92158,-26.40632488
0.238823293,41,0.97958709,0.117376378,0.070270593,1.707751391,0.828499635,-11.99002322,-23.70080262,-26.04393978,0.119292601,0.05816237,8,7420.598737,0.541153304,5810.940971,2117.958789,4774.957076,12238.31407,16697.28462,-27.04186296
0.210768775,58,0.99257432,0.110769006,0.051709666,1.911910623,0.788580588,-11.88374095,-23.18297924,-28.81538096,0.112340034,0.041839449,7,7948.360015,0.636948826,5236.0991,2055.520439,4945.019844,12418.48261,16690.67027,-30.35213079
0.182103447,38,1.010259889,0.086143841,0.047147285,2.730906732,0.757337391,-11.94106863,-23.01567762,-26.82464864,0.113174517,0.0590407,7,7036.618893,0.627012152,5087.062074,2146.245509,4825.001699,12424.68649,16414.94351,-27.85706925
0.189669912,57,0.975782888,0.070236848,0.044657965,2.251429401,0.796440343,-12.07897898,-23.28273648,-26.79592463,0.116451267,0.051685044,8,6619.807178,0.593017705,5469.440215,1922.835423,4859.273065,12174.87354,16771.54612,-26.43229214
0.233043586,55,1.01587027,0.105691708,0.091029412,2.886218212,0.795037175,-11.75357346,-23.24299875,-30.01310665,0.118277441,0.058924402,8,6603.536672,0.519529193,5021.097465,1857.748172,5287.842231,12325.67636,16459.71771,-29.49916575
0.232304412,48,1.009261584,0.119606361,0.041589508,1.739376077,0.867835177,-11.72028145,-22.58634197,-26.1885316,0.10374886,0.040038979,6,6512.997603,0.542016152,5918.396139,1927.865766,4815.584649,12120.95152,16467.25776,-26.78867242
0.167901805,55,1.019173316,0.100948547,0.064491959,2.378033217,0.770404612,-11.81054587,-23.40757176,-30.97138804,0.11464041,0.035063352,7,7835.9639,0.656232604,5769.208634,1923.340338,5092.840034,12071.2734,16477.02267,-32.09047288
0.144683672,50,1.004667963,0.097530289,0.043728161,1.916827628,0.782503116,-12.29120194,-22.68339868,-28.11096596,0.117685416,0.041467033,5,7150.505073,0.512923205,5099.456617,2099.405919,4906.995866,12190.77581,16627.66147,-31.49918096
0.151664115,51,1.005590967,0.089573169,0.052693023,2.796692248,0.881861063,-11.74276673,-22.60235606,-30.33992845,0.10707363,0.045703296,8,7097.656286,0.683627361,5865.422231,1801.376443,4987.376262,12199.19889,16721.00782,-30.11958923
0.205152002,57,1.003746817,0.112731381,0.083514863,1.925378488,0.818062107,-11.96486699,-23.86736432,-31.89598267,0.119445168,0.041995588,8,6984.455936,0.644804494,5049.200848,1817.096024,5239.873725,12217.15291,16408.05723,-31.67714891
0.229273449,49,1.028395762,0.111960548,0.085871818,2.087920078,0.879821027,-12.02579232,-23.27246678,-26.92427351,0.104439246,0.053121101,9,6354.577061,0.491250623,5038.145366,1971.329378,4801.849425,12393.34122,16723.34814,-27.04703913
0.178297323,43,0.970934553,0.11370834,0.083966385,2.222168211,0.772436865,-12.24707518,-24.00376289,-31.90328817,0.108281175,0.054647466,10,6328.032265,0.471299888,5698.281478,2072.489732,5223.490314,12210.87937,16595.32199,-31.74927567
0.212711922,39,0.999360524,0.092946733,0.077180737,2.009811329,0.882596507,-11.79999328,-23.82141491,-29.50324413,0.105957718,0.041071084,9,7317.149432,0.570446287,5542.984044,1802.452409,4748.958537,12338.11502,16414.96982,-26.02323734
0.182262458,40,0.974160273,0.082444921,0.06692397,2.76225879,0.800989019,-11.7225278,-23.13429049,-31.63324859,0.111051952,0.058653542,6,7308.196687,0.628472664,5530.368278,1907.905309,4948.911064,12126.67103,16452.95984,-29.29865344
0.182697399,46,0.996394374,0.081330501,0.098558062,2.912860539,0.84535463,-12.0257915,-23.83946807,-26.35580157,0.119008474,0.04974172,7,7973.110571,0.518005455,5025.569588,2149.098891,4908.021933,12299.36524,16661.10769,-27.62449
0.210913429,47,0.979902698,0.110014813,0.05494666,3.14191189,0.78491353,-11.96385659,-22.66575136,-27.00139038,0.11957333,0.044794151,8,6237.601754,0.687720411,5276.76384,1949.67595,5046.601337,12046.09975,16462.17224,-27.68658307
0.213335875,55,1.028836532,0.080853584,0.09052032,1.818413118,0.83451762,-12.07077893,-24.29894795,-30.61829685,0.113352147,0.042475137,7,7655.47771,0.659569451,5757.061271,1949.685826,4956.860927,12351.21987,16424.2871,-28.55523219
0.189386849,56,1.014431478,0.106910847,0.051904345,3.286963078,0.905366252,-11.73676515,-24.00212476,-29.07301182,0.100045343,0.05452831,5,6380.90214,0.49830383,5257.275565,1853.788176,5264.838251,12277.57051,16782.38515,-32.01638505
0.221128424,43,0.981115412,0.109027374,0.046934631,2.669428381,0.786491573,-12.09152759,-22.8320202,-29.28972472,0.102480354,0.032817154,8,6513.251645,0.61589559,5062.31711,1972.67437,4874.752787,12398.46022,16713.60445,-27.35985246
0.226299222,37,0.980107032,0.073708001,0.068846716,2.770733843,0.877911749,-12.01457852,-23.65690714,-27.98701965,0.105938557,0.040366261,6,6180.942938,0.412000134,5122.311517,1966.372185,4831.515803,12223.38416,16497.78019,-27.84301735
0.167683259,40,1.014609045,0.101245139,0.063519792,2.725174122,0.933968702,-12.23060615,-24.13782239,-27.43766659,0.113096647,0.037247399,5,7975.617009,0.615960114,5587.680705,1912.043124,4700.149051,12487.12651,16692.39553,-28.4425912
0.215465408,57,1.027890284,0.115016097,0.073548841,2.494641634,0.702706421,-12.10898115,-23.66576727,-30.67850514,0.106797859,0.064913333,9,6618.271984,0.471016855,5787.963798,2017.971957,4878.768071,12304.75556,16733.68153,-25.70992481
0.172952682,56,0.970939847,0.092794389,0.074216284,2.663411715,0.75057518,-11.77390959,-22.75727787,-27.38798961,0.101055879,0.060127501,10,6504.493888,0.430470144,5868.767262,1819.544968,5099.029786,12211.32546,16606.44837,-25.87395829
0.21427297,47,1.016312369,0.113869396,0.05574182,2.785511277,0.747589024,-11.99389143,-22.42753044,-30.31913488,0.118938545,0.058652702,9,7965.246473,0.597960315,5543.711156,1840.987354,5281.824056,12165.89143,16473.87165,-30.28723342
0.162798562,59,0.97008624,0.106074925,0.082607499,2.708311346,0.85325123,-12.19773569,-24.36881537,-30.21509303,0.116747499,0.030808013,6,7590.494562,0.573845118,5034.540049,1943.969647,5010.033435,12446.266,16694.0924,-30.0036792
0.207632452,49,0.971413522,0.08681363,0.085994688,2.730102953,0.749194603,-12.28649488,-24.06649736,-30.17637518,0.112205467,0.034999729,6,6929.749525,0.643723122,5299.972887,1926.74562,4948.086747,12367.46929,16439.05757,-30.93918522
0.222392236,53,0.972686907,0.109936399,0.046307864,2.299207819,0.722693148,-12.07142271,-23.27018522,-31.86002484,0.102990757,0.03008008,6,7486.911282,0.693555629,5566.337282,2154.393163,5216.014203,12361.58481,16687.53637,-30.0255017
0.200149036,43,1.013069913,0.078362696,0.065994012,3.243275299,0.856712366,-11.95716656,-22.45969979,-27.63787829,0.100420571,0.040204375,9,7454.088461,0.562413683,5714.490496,2074.688884,5085.291841,12235.99082,16793.05991,-28.89560457
0.210924844,48,0.998491118,0.10139029,0.079454183,3.005540632,0.857053882,-12.27113915,-22.77051425,-28.83987368,0.108209227,0.063186143,6,6573.922648,0.450786995,5632.781758,2007.365138,5227.65689,12091.37667,16404.21626,-25.79904079
0.147194868,55,0.979652601,0.093140649,0.095265683,2.675943528,0.779897874,-11.75047129,-22.48914767,-29.63077927,0.111690151,0.065097883,5,6682.690029,0.664221665,5032.610975,1858.930216,4944.374978,12044.99551,16733.06824,-29.68801781
0.143409852,57,0.970348269,0.092339236,0.079061603,2.319912827,0.817477554,-12.11650153,-22.67472223,-27.41173605,0.110236131,0.066094254,8,6541.154636,0.473668667,5176.554951,2053.613442,5156.792872,12105.9996,16452.8605,-28.21227672
0.188287227,59,0.971505502,0.07613818,0.087033977,3.388884418,0.921440758,-11.76913757,-22.57520993,-25.83922442,0.112102911,0.030113208,5,6076.899356,0.451030661,5869.381962,1860.577339,4922.379427,12074.30949,16731.60672,-28.01063764
0.226908409,54,1.023231039,0.094033352,0.077768268,3.395474517,0.85311341,-11.96936622,-23.81650104,-29.70570043,0.108642854,0.036599965,9,6514.303484,0.418244541,5047.580922,2110.738428,5292.981614,12472.41798,16497.26472,-30.18750813
0.166827464,59,1.010835851,0.112341174,0.086877354,1.985937612,0.721334349,-12.27829731,-23.88070573,-29.05918987,0.101435225,0.04662184,7,6610.629895,0.456713646,5179.478423,2182.085253,4801.38445,12317.19066,16724.80966,-31.7803446
0.196315926,49,0.984066643,0.110567654,0.095836253,2.122752449,0.806041968,-12.25568384,-23.58092084,-26.15653267,0.102398811,0.066738376,6,7995.383892,0.602703749,5089.000848,1892.283611,5179.242599,12189.08604,16553.46849,-29.48353988
0.167297916,47,1.020112732,0.11225044,0.094179352,2.818834125,0.852561526,-12.06776567,-24.38558643,-28.41432826,0.119524894,0.041876015,10,6784.385619,0.593260359,5783.033843,1922.08013,5122.425163,12004.59721,16453.81419,-27.55226138
0.144574976,38,1.006385228,0.085390892,0.080623077,2.850947791,0.745337839,-12.20904529,-23.15815518,-29.12257734,0.106298822,0.060176963,6,7733.440431,0.461532975,5897.87218,2174.333285,5106.268795,12409.89665,16784.56374,-26.47016988
0.225651311,54,0.985395006,0.112613437,0.057007169,3.371235501,0.76252623,-12.17988724,-23.38980556,-28.42265116,0.11882308,0.046444719,8,7319.221387,0.467292741,5476.433705,2064.861082,4844.550975,12373.67691,16549.65799,-31.93572865
0.186472634,49,1.025843319,0.085432896,0.083124283,3.269137882,0.913157567,-11.89918914,-24.03842712,-27.68132626,0.108653722,0.035793774,6,6019.469487,0.529219956,5084.917021,2161.711635,4731.388621,12413.29809,16590.64239,-29.8090817
0.20517123,43,1.019154846,0.118759156,0.044807027,3.227204628,0.793091399,-12.11787004,-24.1849362,-27.86586038,0.114365376,0.040590644,8,6680.29219,0.645247732,5802.96502,2194.339993,5072.07953,12317.42732,16550.0104,-29.84130446
0.197581968,54,1.00008734,0.087047839,0.06427616,3.227290814,0.805311327,-11.83584321,-23.84493997,-30.92776848,0.111631661,0.057393613,8,6407.913529,0.639733725,5633.900982,1853.717822,5090.92874,12193.81786,16402.69116,-29.85496102
0.192245832,43,1.003662158,0.093796691,0.049154361,1.939381233,0.87221352,-12.04903876,-22.84148136,-26.35814039,0.102558027,0.069904135,9,6277.607395,0.440958728,5452.922274,2144.913549,4708.72388,12215.46531,16669.54994,-25.94455707
0.225529886,56,0.994085949,0.072028467,0.055203237,2.350317097,0.850934944,-12.15034345,-23.77185022,-30.68189855,0.107436711,0.035351815,7,7370.135998,0.461168354,5001.627493,1807.843472,4802.957782,12243.77112,16790.92041,-27.17680597
0.203259743,38,1.012052414,0.07321652,0.083669109,2.077385489,0.893204201,-11.84598947,-23.95130182,-31.90592239,0.101928797,0.05204818,9,6464.142161,0.47023932,5650.420927,2163.775122,5182.773612,12063.70837,16573.37152,-29.71962136
0.234880635,59,1.018118451,0.095230507,0.075680953,3.133072232,0.902789806,-12.19881649,-23.86557546,-27.38157434,0.106605162,0.034627028,10,6530.217325,0.59120796,5593.146663,1952.606242,5101.327232,12186.79326,16459.31788,-27.94027803
0.213220587,46,0.984830121,0.09947708,0.050257199,2.048973504,0.812174557,-12.11300605,-23.11465238,-28.60547649,0.107655843,0.040186397,6,6234.26631,0.453838604,5013.580845,2108.963774,4706.932613,12157.16508,16756.49618,-27.45170009
0.21979156,52,0.994372106,0.079883488,0.090575519,1.683048402,0.80287201,-11.71921995,-22.9419533,-29.45447377,0.110533625,0.050564754,5,7386.696169,0.543844196,5965.670161,1846.915444,5236.325885,12102.40895,16561.24423,-29.4768223
0.212548575,57,1.023788103,0.087629647,0.075129017,2.967591904,0.756876122,-11.91907861,-22.65784659,-29.74287181,0.104179677,0.040314767,9,6968.732108,0.6431258,5390.132504,1894.095971,5182.965825,12104.82449,16712.06073,-30.76985265
0.147245222,48,1.018080852,0.115149378,0.056248872,3.251952315,0.938578101,-11.70930425,-24.06991136,-30.26184994,0.104993266,0.051102813,6,6753.14082,0.534765812,5826.712898,2139.034098,4800.547562,12189.5201,16529.77203,-31.13087765
0.231960143,45,0.995306928,0.072523685,0.074882808,1.810403577,0.713864032,-11.74576081,-23.01485291,-27.96938437,0.105561473,0.051108754,7,7592.441644,0.450008829,5204.916019,1930.777124,4951.311378,12356.0322,16488.15546,-31.0578426
0.222147525,58,1.026496557,0.07030261,0.056953916,2.703312444,0.939730894,-11.84783833,-22.44566659,-29.37370075,0.110867879,0.054061057,9,6868.508223,0.576870744,5562.485927,1845.908998,5297.626102,12137.13657,16482.7464,-28.7216969
0.171282771,41,0.990046777,0.076048807,0.04971419,2.407863495,0.763196912,-12.19298453,-22.92659624,-31.70756884,0.113978712,0.061687782,7,6034.765355,0.467036115,5806.599783,2120.027428,4733.712296,12068.04675,16512.29195,-30.2510251
0.155253559,58,1.018337972,0.112579029,0.057187862,2.969926916,0.901851991,-12.20933532,-24.09081337,-28.31139437,0.118732567,0.049405534,10,7866.581082,0.628592436,5313.402787,2184.294175,4953.927013,12095.74488,16733.27289,-26.0007195
